-- phpMyAdmin SQL Dump
-- version 5.2.0
-- https://www.phpmyadmin.net/
--
-- Host: localhost
-- Waktu pembuatan: 23 Feb 2023 pada 16.55
-- Versi server: 10.4.27-MariaDB
-- Versi PHP: 7.4.33

SET SQL_MODE = "NO_AUTO_VALUE_ON_ZERO";
START TRANSACTION;
SET time_zone = "+00:00";


/*!40101 SET @OLD_CHARACTER_SET_CLIENT=@@CHARACTER_SET_CLIENT */;
/*!40101 SET @OLD_CHARACTER_SET_RESULTS=@@CHARACTER_SET_RESULTS */;
/*!40101 SET @OLD_COLLATION_CONNECTION=@@COLLATION_CONNECTION */;
/*!40101 SET NAMES utf8mb4 */;

--
-- Database: `ExoticCode`
--

-- --------------------------------------------------------

--
-- Struktur dari tabel `tb_siswa`
--

CREATE TABLE `tb_siswa` (
  `noinduk` varchar(5) NOT NULL,
  `nama` varchar(50) DEFAULT NULL,
  `alamat` varchar(100) DEFAULT NULL,
  `hobi` varchar(50) DEFAULT NULL
) ENGINE=InnoDB DEFAULT CHARSET=latin1 COLLATE=latin1_swedish_ci;

--
-- Dumping data untuk tabel `tb_siswa`
--

INSERT INTO `tb_siswa` (`noinduk`, `nama`, `alamat`, `hobi`) VALUES
('1001', 'Wawan Pesugihan', 'Jalan Angker', 'Bermain Bola'),
('1002', 'Iman Alim', 'Jalan. Dekat Masjid', 'Ibadah'),
('1003', 'Febi November', 'Jalan Kebangkitan', 'Bernyanyi'),
('1004', 'Jajang Suranjang', 'Jalan Tubagus Ismail', 'Gulat'),
('1005', 'Daisy Saputri Dewita', 'Jalan Edelwies', 'Catur'),
('1006', 'Tirta Mulyana Putra', 'Jalan Mawar', 'Renang');

-- --------------------------------------------------------

--
-- Struktur dari tabel `user`
--

CREATE TABLE `user` (
  `id` int(11) NOT NULL,
  `name` varchar(255) NOT NULL,
  `email` varchar(128) NOT NULL,
  `image` varchar(128) NOT NULL,
  `password` varchar(128) NOT NULL,
  `role_id` int(11) NOT NULL,
  `is_active` int(11) NOT NULL,
  `date_created` int(11) NOT NULL
) ENGINE=InnoDB DEFAULT CHARSET=utf8mb4 COLLATE=utf8mb4_general_ci;

--
-- Dumping data untuk tabel `user`
--

INSERT INTO `user` (`id`, `name`, `email`, `image`, `password`, `role_id`, `is_active`, `date_created`) VALUES
(1, 'Yoko Fajar Santosaa', 'kurokot626@gmail.com', 'default.jpg', '$2y$10$o4SVaAApLLHmYfAHcH09euFRkPS4CvqOYh6UGxkHI/dltBs1w.aQG', 1, 1, 1670203348),
(2, 'Daenerys Targaryen', 'yokofajar29@gmail.com', 'default.jpg', '$2y$10$DdXDZ4kvrQm7Hay6FuQWJ.H.8hqbtGk6zk7kmo4DQ5hbscIrX8G2K', 2, 1, 1671521309);

-- --------------------------------------------------------

--
-- Struktur dari tabel `user_access_menu`
--

CREATE TABLE `user_access_menu` (
  `id` int(11) NOT NULL,
  `role_id` int(11) NOT NULL,
  `menu_id` int(11) NOT NULL
) ENGINE=InnoDB DEFAULT CHARSET=utf8mb4 COLLATE=utf8mb4_general_ci;

--
-- Dumping data untuk tabel `user_access_menu`
--

INSERT INTO `user_access_menu` (`id`, `role_id`, `menu_id`) VALUES
(1, 1, 1),
(2, 1, 2),
(3, 2, 2),
(4, 1, 3);

-- --------------------------------------------------------

--
-- Struktur dari tabel `user_menu`
--

CREATE TABLE `user_menu` (
  `id` int(11) NOT NULL,
  `menu` varchar(128) CHARACTER SET latin1 COLLATE latin1_swedish_ci NOT NULL
) ENGINE=InnoDB DEFAULT CHARSET=utf8mb4 COLLATE=utf8mb4_general_ci;

--
-- Dumping data untuk tabel `user_menu`
--

INSERT INTO `user_menu` (`id`, `menu`) VALUES
(1, 'admin'),
(2, 'user'),
(3, 'menu');

-- --------------------------------------------------------

--
-- Struktur dari tabel `user_role`
--

CREATE TABLE `user_role` (
  `id` int(11) NOT NULL,
  `role` varchar(128) CHARACTER SET latin1 COLLATE latin1_swedish_ci NOT NULL
) ENGINE=InnoDB DEFAULT CHARSET=utf8mb4 COLLATE=utf8mb4_general_ci;

--
-- Dumping data untuk tabel `user_role`
--

INSERT INTO `user_role` (`id`, `role`) VALUES
(1, 'admin'),
(2, 'user');

-- --------------------------------------------------------

--
-- Struktur dari tabel `user_sub_menu`
--

CREATE TABLE `user_sub_menu` (
  `id` int(11) NOT NULL,
  `menu_id` int(11) NOT NULL,
  `title` varchar(128) CHARACTER SET latin1 COLLATE latin1_swedish_ci NOT NULL,
  `url` varchar(128) CHARACTER SET latin1 COLLATE latin1_swedish_ci NOT NULL,
  `icon` varchar(128) CHARACTER SET latin1 COLLATE latin1_swedish_ci NOT NULL,
  `is_active` int(1) NOT NULL
) ENGINE=InnoDB DEFAULT CHARSET=utf8mb4 COLLATE=utf8mb4_general_ci;

--
-- Dumping data untuk tabel `user_sub_menu`
--

INSERT INTO `user_sub_menu` (`id`, `menu_id`, `title`, `url`, `icon`, `is_active`) VALUES
(1, 2, 'Dashboard', 'user', 'fas fa-fw fa-tachometer-alt', 1),
(2, 1, 'My Profile', 'admin', 'fas fa-fw fa-user', 1),
(3, 1, 'Edit Profile', 'edit', 'fas fa-fw fa-user-edit', 1),
(4, 3, 'Menu Management', 'menu/index', 'fas fa-fw fa-folder-open', 1),
(5, 3, 'Submenu Management', 'menu/submenu', 'fas fa-fw fa-folder-open', 1),
(6, 2, 'Portofolio', 'menu2/index', 'fa fa-user', 1),
(7, 2, 'Tutorial', 'menu1/index', 'fas fa-fw fa-book', 1);

--
-- Indexes for dumped tables
--

--
-- Indeks untuk tabel `user`
--
ALTER TABLE `user`
  ADD PRIMARY KEY (`id`);

--
-- Indeks untuk tabel `user_access_menu`
--
ALTER TABLE `user_access_menu`
  ADD PRIMARY KEY (`id`);

--
-- Indeks untuk tabel `user_menu`
--
ALTER TABLE `user_menu`
  ADD PRIMARY KEY (`id`);

--
-- Indeks untuk tabel `user_role`
--
ALTER TABLE `user_role`
  ADD PRIMARY KEY (`id`);

--
-- Indeks untuk tabel `user_sub_menu`
--
ALTER TABLE `user_sub_menu`
  ADD PRIMARY KEY (`id`);

--
-- AUTO_INCREMENT untuk tabel yang dibuang
--

--
-- AUTO_INCREMENT untuk tabel `user`
--
ALTER TABLE `user`
  MODIFY `id` int(11) NOT NULL AUTO_INCREMENT, AUTO_INCREMENT=4;

--
-- AUTO_INCREMENT untuk tabel `user_access_menu`
--
ALTER TABLE `user_access_menu`
  MODIFY `id` int(11) NOT NULL AUTO_INCREMENT, AUTO_INCREMENT=5;

--
-- AUTO_INCREMENT untuk tabel `user_menu`
--
ALTER TABLE `user_menu`
  MODIFY `id` int(11) NOT NULL AUTO_INCREMENT, AUTO_INCREMENT=28;

--
-- AUTO_INCREMENT untuk tabel `user_role`
--
ALTER TABLE `user_role`
  MODIFY `id` int(11) NOT NULL AUTO_INCREMENT, AUTO_INCREMENT=4;

--
-- AUTO_INCREMENT untuk tabel `user_sub_menu`
--
ALTER TABLE `user_sub_menu`
  MODIFY `id` int(11) NOT NULL AUTO_INCREMENT, AUTO_INCREMENT=29;
COMMIT;

/*!40101 SET CHARACTER_SET_CLIENT=@OLD_CHARACTER_SET_CLIENT */;
/*!40101 SET CHARACTER_SET_RESULTS=@OLD_CHARACTER_SET_RESULTS */;
/*!40101 SET COLLATION_CONNECTION=@OLD_COLLATION_CONNECTION */;
